536365,WHITE HANGING HEART T-LIGHT HOLDER
536365,WHITE METAL LANTERN
536365,CREAM CUPID HEARTS COAT HANGER
536365,KNITTED UNION FLAG HOT WATER BOTTLE
536365,RED WOOLLY HOTTIE WHITE HEART.
536365,SET 7 BABUSHKA NESTING BOXES
536365,GLASS STAR FROSTED T-LIGHT HOLDER
536366,HAND WARMER UNION JACK
536366,HAND WARMER RED POLKA DOT
536367,ASSORTED COLOUR BIRD ORNAMENT
536367,POPPY'S PLAYHOUSE BEDROOM 
536367,POPPY'S PLAYHOUSE KITCHEN
536367,FELTCRAFT PRINCESS CHARLOTTE DOLL
536367,IVORY KNITTED MUG COSY 
536367,BOX OF 6 ASSORTED COLOUR TEASPOONS
536367,BOX OF VINTAGE JIGSAW BLOCKS 
536367,BOX OF VINTAGE ALPHABET BLOCKS
536367,HOME BUILDING BLOCK WORD
536367,LOVE BUILDING BLOCK WORD
536367,RECIPE BOX WITH METAL HEART
536367,DOORMAT NEW ENGLAND
536368,JAM MAKING SET WITH JARS
536368,RED COAT RACK PARIS FASHION
536368,YELLOW COAT RACK PARIS FASHION
536368,BLUE COAT RACK PARIS FASHION
536369,BATH BUILDING BLOCK WORD
536370,ALARM CLOCK BAKELIKE PINK
536370,ALARM CLOCK BAKELIKE RED 
536370,ALARM CLOCK BAKELIKE GREEN
536370,PANDA AND BUNNIES STICKER SHEET
536370,STARS GIFT TAPE 
536370,INFLATABLE POLITICAL GLOBE 
536370,VINTAGE HEADS AND TAILS CARD GAME 
536370,SET/2 RED RETROSPOT TEA TOWELS 
536370,ROUND SNACK BOXES SET OF4 WOODLAND 
536370,SPACEBOY LUNCH BOX 
536370,LUNCH BOX I LOVE LONDON
536370,CIRCUS PARADE LUNCH BOX 
536370,CHARLOTTE BAG DOLLY GIRL DESIGN
536370,RED TOADSTOOL LED NIGHT LIGHT
536370, SET 2 TEA TOWELS I LOVE LONDON 
536370,VINTAGE SEASIDE JIGSAW PUZZLES
536370,MINI JIGSAW CIRCUS PARADE 
536370,MINI JIGSAW SPACEBOY
536370,MINI PAINT SET VINTAGE 
536370,POSTAGE
536371,PAPER CHAIN KIT 50S CHRISTMAS 
536372,HAND WARMER RED POLKA DOT
536372,HAND WARMER UNION JACK
536373,WHITE HANGING HEART T-LIGHT HOLDER
536373,WHITE METAL LANTERN
536373,CREAM CUPID HEARTS COAT HANGER
536373,EDWARDIAN PARASOL RED
536373,RETRO COFFEE MUGS ASSORTED
536373,SAVE THE PLANET MUG
536373,VINTAGE BILLBOARD DRINK ME MUG
536373,VINTAGE BILLBOARD LOVE/HATE MUG
536373,WOOD 2 DRAWER CABINET WHITE FINISH
536373,WOOD S/3 CABINET ANT WHITE FINISH
536373,WOODEN PICTURE FRAME WHITE FINISH
536373,WOODEN FRAME ANTIQUE WHITE 
536373,KNITTED UNION FLAG HOT WATER BOTTLE
536373,RED WOOLLY HOTTIE WHITE HEART.
536373,SET 7 BABUSHKA NESTING BOXES
536373,GLASS STAR FROSTED T-LIGHT HOLDER
536374,VICTORIAN SEWING BOX LARGE
536375,WHITE HANGING HEART T-LIGHT HOLDER
536375,WHITE METAL LANTERN
536375,CREAM CUPID HEARTS COAT HANGER
536375,EDWARDIAN PARASOL RED
536375,RETRO COFFEE MUGS ASSORTED
536375,SAVE THE PLANET MUG
536375,VINTAGE BILLBOARD DRINK ME MUG
536375,VINTAGE BILLBOARD LOVE/HATE MUG
536375,WOOD 2 DRAWER CABINET WHITE FINISH
536375,WOOD S/3 CABINET ANT WHITE FINISH
536375,WOODEN PICTURE FRAME WHITE FINISH
536375,WOODEN FRAME ANTIQUE WHITE 
536375,KNITTED UNION FLAG HOT WATER BOTTLE
536375,RED WOOLLY HOTTIE WHITE HEART.
536375,SET 7 BABUSHKA NESTING BOXES
536375,GLASS STAR FROSTED T-LIGHT HOLDER
536376,HOT WATER BOTTLE TEA AND SYMPATHY
536376,RED HANGING HEART T-LIGHT HOLDER
536377,HAND WARMER RED POLKA DOT
536377,HAND WARMER UNION JACK
536378,JUMBO BAG PINK POLKADOT
536378,JUMBO  BAG BAROQUE BLACK WHITE
536378,JUMBO BAG CHARLIE AND LOLA TOYS
536378,STRAWBERRY CHARLOTTE BAG
536378,RED 3 PIECE RETROSPOT CUTLERY SET
536378,BLUE 3 PIECE POLKADOT CUTLERY SET
536378,SET/6 RED SPOTTY PAPER PLATES
536378,LUNCH BAG RED RETROSPOT
536378,STRAWBERRY LUNCH BOX WITH CUTLERY
536378,LUNCH BOX WITH CUTLERY RETROSPOT 
536378,PACK OF 72 RETROSPOT CAKE CASES
536378,PACK OF 60 DINOSAUR CAKE CASES
536378,PACK OF 60 PINK PAISLEY CAKE CASES
536378,60 TEATIME FAIRY CAKE CASES
536378,TOMATO CHARLIE+LOLA COASTER SET
536378,CHARLIE & LOLA WASTEPAPER BIN FLORA
536378,RED CHARLIE+LOLA PERSONAL DOORSIGN
536378,JUMBO STORAGE BAG SUKI
536378,JUMBO BAG PINK VINTAGE PAISLEY
536380,JAM MAKING SET PRINTED
536381,RETROSPOT TEA SET CERAMIC 11 PC 
536381,GIRLY PINK TOOL SET
536381,JUMBO SHOPPER VINTAGE RED PAISLEY
536381,AIRLINE LOUNGE METAL SIGN
536381,WHITE SPOT RED CERAMIC DRAWER KNOB
536381,RED DRAWER KNOB ACRYLIC EDWARDIAN
536381,CLEAR DRAWER KNOB ACRYLIC EDWARDIAN
536381,PHOTO CLIP LINE
536381,FELT EGG COSY CHICKEN
536381,PIGGY BANK RETROSPOT 
536381,SKULL SHOULDER BAG
536381,YOU'RE CONFUSING ME METAL SIGN 
536381,COOK WITH WINE METAL SIGN 
536381,GIN + TONIC DIET METAL SIGN
536381,YELLOW BREAKFAST CUP AND SAUCER
536381,PINK BREAKFAST CUP AND SAUCER 
536381,PAPER CHAIN KIT 50'S CHRISTMAS 
536381,PAPER CHAIN KIT RETROSPOT
536381,SMALL HEART FLOWERS HOOK 
536381,PHOTO CLIP LINE
536381,TEA TIME DES TEA COSY
536381,FELT EGG COSY WHITE RABBIT 
536381,ZINC WILLIE WINKIE  CANDLE STICK
536381,CERAMIC CHERRY CAKE MONEY BANK
536381,RETROSPOT LARGE MILK JUG
536381,SET OF 6 FUNKY BEAKERS
536381,EDWARDIAN PARASOL BLACK
536381,EDWARDIAN PARASOL NATURAL
536381,CERAMIC STRAWBERRY CAKE MONEY BANK
536381,BLUE OWL SOFT TOY
536381,BALLOON ART MAKE YOUR OWN FLOWERS
536381,RED TOADSTOOL LED NIGHT LIGHT
536381,GLASS CLOCHE SMALL
536381,GUMBALL MONOCHROME COAT RACK
536381,DOORMAT FANCY FONT HOME SWEET HOME
536382,INFLATABLE POLITICAL GLOBE 
536382,VINTAGE SNAKES & LADDERS
536382,CHOCOLATE CALCULATOR
536382,JUMBO SHOPPER VINTAGE RED PAISLEY
536382,RECYCLING BAG RETROSPOT 
536382,TOY TIDY PINK POLKADOT
536382,ANTIQUE GLASS DRESSING TABLE POT
536382,ALARM CLOCK BAKELIKE GREEN
536382,IVORY GIANT GARDEN THERMOMETER
536382,3 TIER CAKE TIN GREEN AND CREAM
536382,3 TIER CAKE TIN RED AND CREAM
536382,SET 3 WICKER OVAL BASKETS W LIDS
536384,WOOD BLACK BOARD ANT WHITE FINISH
536384,COLOUR GLASS T-LIGHT HOLDER HANGING
536384,HANGING METAL HEART LANTERN
536384,HANGING MEDINA LANTERN SMALL
536384,NATURAL SLATE HEART CHALKBOARD 
536384,HEART OF WICKER SMALL
536384,HEART OF WICKER LARGE
536384,WHITE LOVEBIRD LANTERN
536384,CLASSIC METAL BIRDCAGE PLANT HOLDER
536384,CREAM HEART CARD HOLDER
536384,ENAMEL FLOWER JUG CREAM
536384,ENAMEL FIRE BUCKET CREAM
536384,ENAMEL BREAD BIN CREAM
536385,SET 3 WICKER OVAL BASKETS W LIDS
536385,JAM MAKING SET PRINTED
536385,JAM MAKING SET WITH JARS
536385,JUMBO BAG DOLLY GIRL DESIGN
536385,TRADITIONAL CHRISTMAS RIBBONS
536385,ORGANISER WOOD ANTIQUE WHITE 
536385,LUNCH BAG DOLLY GIRL DESIGN
536386,WHITE WIRE EGG HOLDER
536386,JUMBO  BAG BAROQUE BLACK WHITE
536386,JUMBO BAG RED RETROSPOT
